id,first_name,last_name,email,ip_address
1,Lorettalorna,Mongenot,lmongenot0@yahoo.co.jp,208.108.227.255
2,Kandace,Dandie,kdandie1@dion.ne.jp,159.244.140.208
3,Wolfie,Stratz,wstratz2@tinyurl.com,134.220.215.162
4,Yolanthe,Grundon,ygrundon3@discuz.net,185.224.53.164
5,Avery,Zelner,azelner4@soundcloud.com,4.95.240.124
6,Casi,Piatto,cpiatto5@sourceforge.net,173.144.84.37
7,Kaela,Glasheen,kglasheen6@webs.com,121.90.238.32
8,Farlee,Cartwright,fcartwright7@opera.com,20.243.46.92
9,Kay,MacKinnon,kmackinnon8@geocities.jp,11.88.103.57
10,Chrystal,Degue,cdegue9@time.com,229.193.139.7
11,Vaughan,Chant,vchanta@networkadvertising.org,219.233.236.135
12,Chelsea,Vercruysse,cvercruysseb@tuttocitta.it,241.20.159.144
13,Bunni,Seathwright,bseathwrightc@hud.gov,20.194.142.174
14,Cicily,Giorgi,cgiorgid@blogger.com,13.134.184.149
15,Frederick,Escolme,fescolmee@themeforest.net,167.47.144.43
16,Zed,Le Cornu,zlecornuf@auda.org.au,4.230.170.103
17,Sibilla,Compford,scompfordg@ibm.com,205.128.99.41
18,Gery,Haddick,ghaddickh@e-recht24.de,78.12.229.233
19,Hamid,Poole,hpoolei@pen.io,12.60.205.33
20,Garrek,Bools,gboolsj@hp.com,192.250.0.226
21,Ruthy,Andreone,randreonek@house.gov,188.26.71.243
22,Marjy,Vowell,mvowelll@symantec.com,187.0.87.110
23,Randene,Astlatt,rastlattm@engadget.com,112.102.116.3
24,Kimberlee,Starmore,kstarmoren@yandex.ru,137.197.91.78
25,Parnell,Denty,pdentyo@dropbox.com,1.110.10.22
26,Tobias,Blyth,tblythp@cafepress.com,200.125.175.169
27,Cati,Fleis,cfleisq@shinystat.com,12.0.181.254
28,Lorri,Mitkin,lmitkinr@delicious.com,157.97.152.1
29,Zechariah,Sukbhans,zsukbhanss@tuttocitta.it,50.198.72.14
30,Ruthi,Hallihan,rhallihant@salon.com,1.158.64.27
